"latitude","longitude","name"
"11.2","118.7","110 km Northwest of Roxas, Northern Palawan"
"10.4","119.6","Puerto Princesa, Philippines"
"9.295552","123.281494","City of Dumaguete, Philippines"
"9","123.7","60Km Southeast of Dumaguete City"
"8.9","123.9","70km South of Tagbilaran City or 90km SE of Dumaguete City"
"7.215","126.54","Manay, Philippines"
"8.8","124","70km South of Tagbilaran City or 95km SE of Dumaguete City"
"8.4","124.4","40km west of CDO"
"7.512515","126.176261","Barangay Andap, Compostela Valley"
"8.4","124.7","Mindanao, Philippines"
"9.295552","123.281494","City of Dumaguete, Philippines"
"10.315699","123.885437","Cebu City, Philippines"
"8.947538","125.540623","Butuan City, Philippines"
"8.023484","126.071473","Trento, Agusan"
"8.470643","124.647628","Cagayan de Oro"
"10.333333","123.933333","Mandaue City, Philippines"
"11.25","125","Tacloban City, Philippines"
"8.947538","125.540623","Butuan City, Philippines"
"8.1","125.5","50 km East of Malaybalay, Bukidnon"
"8","125.8","Over Loreto,Agusan del Sur"
"9.607799","125.640046","St John's School, Bacuag, Philippines"
"11.221595","125.004985","Tacloban City, Philippines"
"8.242441","124.260567","Integrated Bus & Jeepney Terminal North Bound, Iligan City, Philippines"
"8.242441","124.260567","Integrated Bus & Jeepney Terminal North Bound, Iligan City, Philippines"
"11.160846","124.987411","Palo, Leyte"
"11.22161","125.005001","Tacloban City, Philippines"
"9.549398","123.978646","Caraga, Philippines"
"","",""
"","",""
"","",""
"","",""
"","",""
"","",""
"","",""
"","",""
"","",""
"","",""
"","",""
"","",""
"","",""
"","",""
"","",""
"","",""
"12.879721","121.774017","Philippines"
"7.665968","126.084695","Compostela, Philippines"
"7.833333","125.816667","Laak, Philippines"
"7.282129","125.857401","Mabini, Philippines"
"7.416381","126.001089","Maco, Philippines"
"7.352189","126.15454","Maragusan, Philippines"
"7.5","125.933333","Mawab, Philippines"
"7.816667","126.05","Monkayo, Philippines"
"7.7","125.983333","Montevista, Philippines"
"7.6","125.966667","Nabunturan, Philippines"
"7.554702","126.140353","New Bataan, Philippines"
"7.255222","126.156203","Pantukan, Philippines"
"7.583333","125.766667","Asuncion, Philippines"
"7.360556","125.706389","Carmen, Philippines"
"7.619497","125.627835","Kapalong, Philippines"
"7.583333","125.833333","New Corella, Philippines"
"7.391389","125.778897","San Isidro, Tagum City, Philippines"
"5.916667","125.65","Jose Abad Santos, Philippines"
"6.266667","125.666667","Don Marcelino, Philippines"
"7.042777","126.449221","Tarragona, Philippines"
"6.943763","126.246748","Mati, Philippines"
"7.873546","126.341495","Boston, Philippines"
"7.314628","126.542442","Caraga, Philippines"
"7.806543","126.405998","Cateel, Philippines"
"7.63291","126.536683","Baganga, Philippines"
"7.258627","126.160322","Pantukan, Philippines"
"7.56287","126.159579","New Bataan, Philippines"
"7.61089","125.9804","Nabunturan, Philippines"
"7.7","125.983333","Montevista, Philippines"
"7.816667","126.05","Monkayo, Philippines"
"7.365808","126.168273","Maragusan, Philippines"
"7.501362","125.937453","Mawab, Philippines"
"7.429999","126.020315","Maco, Philippines"
"7.286216","125.862207","Mabini, Philippines"
"7.849659","125.8304","Laak, Philippines"
"7.665968","126.084695","Compostela, Philippines"
"7.51811","125.59006","ABA Technical School of Sto. Tomas, National Highway, Santo Tomas, Philippines"
"7.391389","125.778897","San Isidro, Tagum City, Philippines"
"7.586736","125.840886","New Corella, Philippines"
"7.620858","125.633328","Kapalong, Philippines"
"7.438089","125.680638","Dujali, Philippines"
"7.367365","125.711882","Carmen, Philippines"
"7.583333","125.766667","Asuncion, Philippines"
"7.190708","125.455341","Davao City, Philippines"
"5.946717","125.663733","Jose Abad Santos, Philippines"
"6.27281","125.669413","Don Marcelino, Philippines"
"7.042777","126.449221","Tarragona, Philippines"
"6.82444","126.083","San Isidro, Philippines"
"7.215","126.54","Manay, Philippines"
"7.108726","126.198616","Lupon, Philippines"
"6.659663","126.098275","Governor Generoso, Philippines"
"7.810625","126.410118","Cateel, Philippines"
"7.314629","126.542442","Caraga, Philippines"
"7.873546","126.341495","Boston, Philippines"
"7.160841","126.160127","Banaybanay, Philippines"
"7.63291","126.536683","Baganga, Philippines"
"7.512515","126.176261","Compostela Valley, Philippines"
"7.512515","126.176261","Compostela Valley, Philippines"
"12.879721","121.774017","Philippines"
"12.879721","121.774017","Philippines"
"12.879721","121.774017","Philippines"
"12.879721","121.774017","Philippines"
"12.879721","121.774017","Philippines"
"12.879721","121.774017","Philippines"
"7.816667","126.05","Monkayo, Philippines"
"7.816667","126.05","Monkayo, Philippines"
"7.816667","126.05","Monkayo, Philippines"
"7.816667","126.05","Monkayo, Philippines"
"7.556404","126.142756","New Bataan, Philippines"
"7.554702","126.140353","New Bataan, Philippines"
"7.554702","126.140353","New Bataan, Philippines"
"7.554702","126.140353","New Bataan, Philippines"
"7.816667","126.05","Monkayo, Philippines"
"7.816667","126.05","Monkayo, Philippines"
"7.816667","126.05","Monkayo, Philippines"
"7.816667","126.05","Monkayo, Philippines"
"7.816667","126.05","Monkayo, Philippines"
"7.816667","126.05","Monkayo, Philippines"
"7.6","125.966667","Nabunturan, Philippines"
"7.6","125.966667","Nabunturan, Philippines"
"7.6","125.966667","Nabunturan, Philippines"
"7.816667","126.05","Monkayo, Philippines"
"7.816667","126.05","Monkayo, Philippines"
"7.816667","126.05","Monkayo, Philippines"
"","",""
"","",""
"","",""
"","",""
"","",""
"","",""
"","",""
"","",""
"","",""
"","",""
"","",""
"","",""
"","",""
"","",""
"","",""
"","",""
"12.879721","121.774017","Philippines"
"7.665968","126.084695","Compostela, Philippines"
"7.833333","125.816667","Laak, Philippines"
"7.282129","125.857401","Mabini, Philippines"
"7.416381","126.001089","Maco, Philippines"
"7.352189","126.15454","Maragusan, Philippines"
"7.5","125.933333","Mawab, Philippines"
"7.816667","126.05","Monkayo, Philippines"
"7.7","125.983333","Montevista, Philippines"
"7.6","125.966667","Nabunturan, Philippines"
"7.554702","126.140353","New Bataan, Philippines"
"7.255222","126.156203","Pantukan, Philippines"
"7.583333","125.766667","Asuncion, Philippines"
"7.360556","125.706389","Carmen, Philippines"
"7.619497","125.627835","Kapalong, Philippines"
"7.583333","125.833333","New Corella, Philippines"
"7.391389","125.778897","San Isidro, Tagum City, Philippines"
"5.916667","125.65","Jose Abad Santos, Philippines"
"6.266667","125.666667","Don Marcelino, Philippines"
"7.042777","126.449221","Tarragona, Philippines"
"6.943763","126.246748","Mati, Philippines"
"7.873546","126.341495","Boston, Philippines"
"7.314628","126.542442","Caraga, Philippines"
"7.806543","126.405998","Cateel, Philippines"
"7.63291","126.536683","Baganga, Philippines"
"7.258627","126.160322","Pantukan, Philippines"
"7.56287","126.159579","New Bataan, Philippines"
"7.61089","125.9804","Nabunturan, Philippines"
"7.7","125.983333","Montevista, Philippines"
"7.816667","126.05","Monkayo, Philippines"
"7.365808","126.168273","Maragusan, Philippines"
"7.501362","125.937453","Mawab, Philippines"
"7.429999","126.020315","Maco, Philippines"
"7.286216","125.862207","Mabini, Philippines"
"7.849659","125.8304","Laak, Philippines"
"7.665968","126.084695","Compostela, Philippines"
"7.51811","125.59006","ABA Technical School of Sto. Tomas, National Highway, Santo Tomas, Philippines"
"7.391389","125.778897","San Isidro, Tagum City, Philippines"
"7.586736","125.840886","New Corella, Philippines"
"7.620858","125.633328","Kapalong, Philippines"
"7.438089","125.680638","Dujali, Philippines"
"7.367365","125.711882","Carmen, Philippines"
"7.583333","125.766667","Asuncion, Philippines"
"7.190708","125.455341","Davao City, Philippines"
"5.946717","125.663733","Jose Abad Santos, Philippines"
"6.27281","125.669413","Don Marcelino, Philippines"
"7.042777","126.449221","Tarragona, Philippines"
"6.82444","126.083","San Isidro, Philippines"
"7.215","126.54","Manay, Philippines"
"7.108726","126.198616","Lupon, Philippines"
"6.659663","126.098275","Governor Generoso, Philippines"
"7.810625","126.410118","Cateel, Philippines"
"7.314629","126.542442","Caraga, Philippines"
"7.873546","126.341495","Boston, Philippines"
"7.160841","126.160127","Banaybanay, Philippines"
"7.63291","126.536683","Baganga, Philippines"
"7.512515","126.176261","Compostela Valley, Philippines"
"7.512515","126.176261","Compostela Valley, Philippines"
"12.879721","121.774017","Philippines"
"12.879721","121.774017","Philippines"
"12.879721","121.774017","Philippines"
"12.879721","121.774017","Philippines"
"12.879721","121.774017","Philippines"
"12.879721","121.774017","Philippines"
"7.556404","126.142756","New Bataan, Philippines"
"7.554702","126.140353","New Bataan, Philippines"
"7.554702","126.140353","New Bataan, Philippines"
"7.554702","126.140353","New Bataan, Philippines"
"7.665968","126.084695","Compostela, Philippines"
"7.806543","126.405998","Cateel, Philippines"
"7.665968","126.084695","Compostela, Philippines"
"7.806543","126.405998","Cateel, Philippines"
"7.806543","126.405998","Cateel, Philippines"
"7.806543","126.405998","Cateel, Philippines"
"7.806543","126.405998","Cateel, Philippines"
"7.806543","126.405998","Cateel, Philippines"
"7.7","125.983333","Montevista, Philippines"
"7.806543","126.405998","Cateel, Philippines"
"7.554702","126.140353","New Bataan, Philippines"
"7.806543","126.405998","Cateel, Philippines"
"7.806543","126.405998","Cateel, Philippines"
"8.036462","126.413597","Lingig, Philippines"
"8.036462","126.413597","Lingig, Philippines"
"8.036462","126.413597","Lingig, Philippines"
"7.806543","126.405998","Cateel, Philippines"
"7.806543","126.405998","Cateel, Philippines"
"7.806543","126.405998","Cateel, Philippines"
"7.190708","125.455341","Davao City, Philippines"
"7.806543","126.405998","Cateel, Philippines"
"7.806543","126.405998","Cateel, Philippines"
"7.665968","126.084695","Compostela, Philippines"
"7.665968","126.084695","Compostela, Philippines"
"7.806543","126.405998","Cateel, Philippines"
"7.665968","126.084695","Compostela, Philippines"
"7.554702","126.140353","New Bataan, Philippines"
"7.806543","126.405998","Cateel, Philippines"
"7.816667","126.05","Monkayo, Philippines"
"7.806543","126.405998","Cateel, Philippines"
"7.816667","126.05","Monkayo, Philippines"
"7.554702","126.140353","New Bataan, Philippines"
"7.7","125.983333","Montevista, Philippines"
"7.816667","126.05","Monkayo, Philippines"
"7.806543","126.405998","Cateel, Philippines"
"6.839663","125.429229","Sta. Cruz , Davao del Sur, Philippines"
"7.816667","126.05","Monkayo, Philippines"
"7.816667","126.05","Monkayo, Philippines"
"7.806543","126.405998","Cateel, Philippines"
"7.554702","126.140353","New Bataan, Philippines"
"7.554702","126.140353","New Bataan, Philippines"
"7.806543","126.405998","Cateel, Philippines"
"7.806543","126.405998","Cateel, Philippines"
"7.63291","126.536683","Baganga, Philippines"
"7.190708","125.455341","Davao City, Philippines"
"7.190708","125.455341","Davao City, Philippines"
"7.554702","126.140353","New Bataan, Philippines"
"7.806543","126.405998","Cateel, Philippines"
"7.806543","126.405998","Cateel, Philippines"
"7.314629","126.542442","Caraga, Philippines"
"7.806543","126.405998","Cateel, Philippines"
"7.806543","126.405998","Cateel, Philippines"
"7.806543","126.405998","Cateel, Philippines"
"7.806543","126.405998","Cateel, Philippines"
"7.6","125.966667","Nabunturan, Philippines"
"7.282129","125.857401","Mabini, Philippines"
"7.554702","126.140353","New Bataan, Philippines"
"7.665709","126.11911","COMPOSTELA, COMPOSTELA VALLEY"
"7.806543","126.405998","Cateel, Philippines"
"7.806543","126.405998","Cateel, Philippines"
"7.806543","126.405998","Cateel, Philippines"
"7.806543","126.405998","Cateel, Philippines"
"7.806543","126.405998","Cateel, Philippines"
"7.873546","126.341495","Boston, Philippines"
"7.873546","126.341495","Boston, Philippines"
"7.873546","126.341495","Boston, Philippines"
"7.873546","126.341495","Boston, Philippines"
"7.873546","126.341495","Boston, Philippines"
"7.63291","126.536683","Baganga, Philippines"
"7.63291","126.536683","Baganga, Philippines"
"7.635121","126.534795","Baganga, Philippines"
"7.63291","126.536683","Baganga, Philippines"
"7.63291","126.536683","Baganga, Philippines"
"7.633548","126.538571","Baganga, Philippines"
"7.63291","126.536683","Baganga, Philippines"
"8.037803","125.854614","Veruela, Philippines"
"7.63291","126.536683","Baganga, Philippines"
"7.416381","126.001089","Maco, Philippines"
"7.255222","126.156203","Pantukan, Philippines"
"7.282129","125.857401","Mabini, Philippines"
"7.873546","126.341495","Boston, Philippines"
"7.63291","126.536683","Baganga, Philippines"
"7.806543","126.405998","Cateel, Philippines"
"7.806543","126.405998","Cateel, Philippines"
"7.833333","125.816667","Laak, Philippines"
"7.6","125.966667","Nabunturan, Philippines"
"7.448212","125.809424","Tagum City, Philippines"
"7.282129","125.857401","Mabini, Philippines"
"7.833333","125.816667","Laak, Philippines"
"7.63291","126.536683","Baganga, Philippines"
"7.215","126.54","Manay, Philippines"
"7.806543","126.405998","Cateel, Philippines"
"7.282129","125.857401","Mabini, Philippines"
"7.448212","125.809424","Tagum City, Philippines"
"7.63291","126.536683","Baganga, Philippines"
"7.314629","126.542442","Caraga, Philippines"
"7.282129","125.857401","Mabini, Philippines"
"7.806543","126.405998","Cateel, Philippines"
"7.6","125.966667","Nabunturan, Philippines"
"7.806543","126.405998","Cateel, Philippines"
"7.665968","126.084695","Compostela, Philippines"
"7.806543","126.405998","Cateel, Philippines"
"7.665968","126.084695","Compostela, Philippines"
"7.806543","126.405998","Cateel, Philippines"
"7.806543","126.405998","Cateel, Philippines"
"7.806543","126.405998","Cateel, Philippines"
"7.806543","126.405998","Cateel, Philippines"
"7.806543","126.405998","Cateel, Philippines"
"7.7","125.983333","Montevista, Philippines"
"7.806543","126.405998","Cateel, Philippines"
"7.554702","126.140353","New Bataan, Philippines"
"7.806543","126.405998","Cateel, Philippines"
"7.806543","126.405998","Cateel, Philippines"
"8.036462","126.413597","Lingig, Philippines"
"8.036462","126.413597","Lingig, Philippines"
"8.036462","126.413597","Lingig, Philippines"
"7.806543","126.405998","Cateel, Philippines"
"7.806543","126.405998","Cateel, Philippines"
"7.806543","126.405998","Cateel, Philippines"
"7.190708","125.455341","Davao City, Philippines"
"7.806543","126.405998","Cateel, Philippines"
"7.806543","126.405998","Cateel, Philippines"
"7.665968","126.084695","Compostela, Philippines"
"7.665968","126.084695","Compostela, Philippines"
"7.806543","126.405998","Cateel, Philippines"
"7.665968","126.084695","Compostela, Philippines"
"7.554702","126.140353","New Bataan, Philippines"
"7.806543","126.405998","Cateel, Philippines"
"7.816667","126.05","Monkayo, Philippines"
"7.806543","126.405998","Cateel, Philippines"
"7.816667","126.05","Monkayo, Philippines"
"7.554702","126.140353","New Bataan, Philippines"
"7.7","125.983333","Montevista, Philippines"
"7.816667","126.05","Monkayo, Philippines"
"7.806543","126.405998","Cateel, Philippines"
"6.839663","125.429229","Sta. Cruz , Davao del Sur, Philippines"
"7.816667","126.05","Monkayo, Philippines"
"7.816667","126.05","Monkayo, Philippines"
"7.806543","126.405998","Cateel, Philippines"
"7.554702","126.140353","New Bataan, Philippines"
"7.554702","126.140353","New Bataan, Philippines"
"7.806543","126.405998","Cateel, Philippines"
"7.806543","126.405998","Cateel, Philippines"
"7.63291","126.536683","Baganga, Philippines"
"7.190708","125.455341","Davao City, Philippines"
"7.190708","125.455341","Davao City, Philippines"
"7.554702","126.140353","New Bataan, Philippines"
"7.806543","126.405998","Cateel, Philippines"
"7.806543","126.405998","Cateel, Philippines"
"7.314629","126.542442","Caraga, Philippines"
"7.806543","126.405998","Cateel, Philippines"
"7.806543","126.405998","Cateel, Philippines"
"7.806543","126.405998","Cateel, Philippines"
"7.806543","126.405998","Cateel, Philippines"
"7.190708","125.455341","Davao City, Philippines"
"7.190708","125.455341","Davao City, Philippines"
"7.190708","125.455341","Davao City, Philippines"
"7.190708","125.455341","Davao City, Philippines"
"7.190708","125.455341","Davao City, Philippines"
"7.190708","125.455341","Davao City, Philippines"
"7.190708","125.455341","Davao City, Philippines"
"7.190708","125.455341","Davao City, Philippines"
"7.190708","125.455341","Davao City, Philippines"
"7.190708","125.455341","Davao City, Philippines"
"7.190708","125.455341","Davao City, Philippines"
"8.469115","124.632878","Department of Social Welfare and Development, Cagayan de Oro 9000, Philippines"
"11.25","125","Tacloban City, Philippines"
"14.599512","120.984219","Manila, Philippines"
"14.554729","121.024445","Makati City, Philippines"
"11.25","125","Tacloban City, Philippines"
"11.25","125","Tacloban City, Philippines"
"11.184307","123.746246","Bantayan Island, Philippines"
"14.525145","121.012094","Villamor, Pasay City, Philippines"
"11.816611","122.094154","Aklan, Philippines"
"11.816611","122.094154","Aklan, Philippines"
"10.310348","123.894718","Northern Worx, Cebu City, Philippines"
"11.862168","121.290531","Panagatan Malaki Island, Caluya, Philippines"
"11.963376","121.926505","Palomar, Bulabog, Boracay Island, Malay, Philippines"
"11.322281","123.891354","Batbatan Island, Philippines"
"11.816611","122.094154","Aklan, Philippines"
"14.525145","121.012094","Villamor airbase, Pasay City, Philippines"
"11.963376","121.926505","Boracay Island, Malay, Philippines"
"11.322281","123.891354","Batbatan Island, Philippines"
"12.16897","119.923798","Busuanga, Philippines"
"12.879721","121.774017","Philippines"
"14.599512","120.984219","Manila, Philippines"
"13.139062","123.743799","Legazpi City, Philippines"
"14.696921","121.098293","Palma, Quezon City, Philippines"
"11.165905","122.51836","Old Iloilo-Capiz Road, Panay, Calinog, Philippines"
"11.092083","123.945047","Hagnaya Port, San Remigio, Philippines"
"14.599512","120.984219","Manila, Philippines"
"11.00698","124.612801","Ormoc City, Philippines"
"11.932458","125.038816","Samar Island, Philippines"
"11.184307","123.746246","Bantayan Island, Philippines"
"10.315699","123.885437","Cebu City, Philippines"
"12.879721","121.774017","Philippines"
"14.599512","120.984219","Manila, Philippines"
"10.315699","123.885437","Cebu City, Philippines"
"11.500073","125.499991","Eastern Samar, Philippines"
"14.599512","120.984219","Manila, Philippines"
"10.668751","125.045173","Abuyog, Philippines"
"14.554729","121.024445","Makati City, Philippines"
"8.22347","124.121559","Ozamiz City, Philippines"
"8.46681","124.629509","Acasia-Carmen, CDO"
"8.14576","123.841721","Ozamiz City"
"8.46681","124.629509","Ramiro Compound"
"8.47143","124.649773","Cagayan de Oro, Misamis Oriental"
"8.46709","124.632492","Road to Balulang - Cagayan De oro"
"8.474167","124.643837","Cagayan De Oro"
"8.837555","125.099742","GINGOOG CITY"
"8.45424","124.631897","Cagayan de Oro"
"8.48765","124.639009","Cagayan de Oyo River"
"8.476447","124.628677","Cagayan de Oro"
"8.102738","125.179367","road from Malaybalay to Cagayan de Oro"
"8.459295","124.631971","Cagayan de Oro"
"8.476192","124.640141","Carmen Bridge"
"7.360556","125.706389","Carmen, Philippines"
"7.31752","126.543045","Caracol coastal community in Caraga Davao Oriental"
"7.548506","126.137675","Compostela Valley, Philippines"
"8.364372","124.615116","Cagayan de Oro River"
"8.450129","124.632142","Cagayan De Oro river"
"8.483333","124.65","Cagayan de Oro, Philippines"
"8.443219","124.313822","Cagayan De Oro City, 40 km west"
"8.45952","124.668131","Cagayan De Oro City"
"8.477805","124.644647","Cagayan de Oro"
"8.441979","124.398683","Cagayan De Oro"
"8.428277","124.302836","40km West of Cagayan De Oro"
"8.462236","124.651651","Cagayan De Oro"
"8.367141","124.635172","Cagayan de Oro"
"8.355337","124.440755","Iligan City and Cagayan de Oro, Philippines"
"10.326108","123.877795","Buena Hills Sitio San Isidro Guadalupe Cebu"
"8.312371","124.697163","Bubunawan Hydropower Plant, Baungon, Philippines"
"8.312529","124.698491","Bubunawan Bridge"
"9.102529","123.202499","Zamboanguita, Philippines"
"9.650491","124.365347","Jagna, Philippines"
"9.059081","123.378847","Negros Oriental, Philippines"
"10.453579","123.041455","Banica River, Philippines"
"7.571995","126.564149","Baganga, Philippines"
"10.677499","122.951476","Bacolod"
"9.360662","123.285725","Sibulan National High School, Sibulan 6201, Philippines"
"8.454236","124.631898","Cagayan de Oro, Philippines"
"8.847809","123.49534","30km Southeast of Dumaguete City"
"8.49613","123.303406","Mindanao, Philippines"
"10.058834","123.201456","1st Dist. area"
"8.235955","124.463321","Rogongon"
"8.476506","124.640694","river near Cagayan de Oro city hall"
"6.340601","125.074625","Region 12"
"14.650633","121.051253","Quezon City, Philippines"
"10.24685","123.834666","Poblacion and Central Biasong in Talisay"
"9.878217","126.043188","PHILIPPINES,Siargao Island,Socorro Island"
"14.58164","121.026163","Manila, Philippines"
"14.597588","121.031656","Manila, Philippines"
"14.602904","121.042643","Manila, Philippines"
"12.413158","121.899576","Philipines"
"9.176042","123.60795","Bohol Siquijor, Visayas"
"12.413158","121.899576","PAGASA"
"7.839234","123.434778","Pagadian City"
"8.145563","123.843281","Ozamiz CityMis"
"8.145574","123.841751","Ozamiz"
"9.359407","123.284937","Ocoy River in Sibulan"
"7.313433","124.815468","north cotabato"
"9.709007","122.98879","NEGROS ORIENTAL"
"6.914839","122.073796","Naga Zamboanga Sibugay"
"8.183775","126.354379","Bislig City Airport (BPH), Bislig, Philippines"
"8.036462","126.413597","Lingig, Philippines"
"8.367261","126.33475","Hinatuan, Philippines"
"8.372186","126.335007","Hinatuan, Philippines"
"8.366762","126.334803","Hinatuan, Philippines"
"8.368185","126.337249","Hinatuan, Philippines"
"7.63291","126.536683","Baganga, Philippines"
"8.228021","124.245242","Iligan City, Philippines"
"8.454236","124.631898","Cagayan de Oro, Philippines"
"6.841203","129.060242","Mindanao, Philippines"
"12.077238","120.188469","Coron, Philippines"
"14.672115","121.071702","Batasang Pambansa, Quezon City, NCR, Philippines"
"11.05242","124.3918","Palompon, Philippines"
"12.957491","123.022106","Army Gym, Fort Bonifacio, Taguig, NCR"
"11.035248","125.724502","Guiuan, Philippines"
"11.25","125","Tacloban City, Philippines"
"11.366667","124.483333","Leyte, Philippines"
"11.241962","125.044107","BJMP Regional Office 8, Tacloban City 6500, Philippines"
"11.25138","125.004716","E.V.R.M.C., Senator Enage Street, Tacloban City, Philippines"
"11.241197","125.000088","Divine Word Hospital, M.H. Del Pilar street, Tacloban City, Philippines"
"11.25","125","Tacloban City, Philippines"
"11.46101","123.153099","Estancia, Philippines"
"11.739026","120.009619","Culion, Palawan"
"11.835278","119.993333","Culion, Philippines"
"10.940356","125.826904","Sulangan, giuian, Philippines"
"11.599155","121.695334","Manigin Island, Batbatan Island, Culasi, Antique"
"11.470365","121.915875","Batbatan Island, minigin island, Culasi, Antique, Philippines"
"11.200168","123.339573","Baliguian Island, Concepcion, Philippines"
"11.199334","123.341223","Baliguian island, Philippines"
"11.845398","121.371672","Caluya, Philippines"
"11.913936","121.389525","Caluya, Philippines"
"11.434314","123.187414","Bayas Island, Binuluangan Island, Gigante Islands, Sicogon Island, Estancia, Carles, Iloilo"
"11.433641","120.822607","Quinilibuan islands, Agutaya, Palawan"
"11.412637","122.020094","Malalison Island, Culasi, Philippines"
"10.730108","125.729768","Homonhon Island, Guiuan, Philippines"
"10.742446","125.722295","Homonhon Island, Guiuan, Philippines"
"11.007991","124.605248","Ormoc City, Philippines"
"11.30145","124.588997","Managasnas, Capoocan, Philippines"
"11.315551","124.547607","Julita, Philippines"
"11.352194","124.546286","Potot, Leute"
"11.352194","124.546286","Potot, Leute"
"11.284528","124.564139","Limon, Leyte"
"11.323583","124.562793","Guinadiongan, Cabolan, Leyte"
"11.158384","125.006995","Palo, Philippines"
"11.139465","125.301595","Lawaan, Lawa-an, Easter Samar, Philippines"
"11.139447","125.300772","Lawaan, Easter Samar, Philippines"
"11.701375","122.371679","Kalibo, Aklan, Philippines"
"11.266667","122.533333","Tapaz, Philippines"
"11.11113","125.216103","Marabut, Philippines"
"11.255703","123.015114","Sara, Iloilo, Philippines"
"11.931193","121.420917","Caluya Island, Caluya, Philippines"
"11.269539","123.092603","San Dionisio, Iloilo, Philippines"
"11.46101","123.153099","Estancia, Philippines"
"11.197092","123.125156","Brgy Baladian, Concepcion, Iloilo, Philippines"
"11.172053","123.020216","Ajuy, Iloilo"
"11.566195","123.136602","Carles, Iloilo"
"11.572249","122.761694","Roxas City, Capiz"
"11.488823","122.697836","Sigma, Roxas City, Capiz"
"10.953715","123.307921","Cadiz City, Philippines"
"11.493423","122.604049","Sapian, Sapi-an, Philippines"
"11.60893","122.237897","Panay, Philippines"
"11.406519","122.679031","Dao, Philippines"
"11.43327","122.597702","Mambusao, Philippines"
"11.365993","122.745849","Capiz, Philippines"
"11.473683","123.222777","Calagnaan Island, Carles"
"11.463534","123.152584","Estancia, Philippines"
"11.32132","122.669999","Cuartero, Philippines"
"11.420432","122.858346","Pontevedra, Philippines"
"11.281161","125.06848","Basey, Samar, Philippines"
"10.995523","125.636886","Manicani Island, Guiuan, Philippines"
"10.939556","125.825981","Sulangan, Eastern Samar, Philippines"
"10.98818","125.795228","Ngolos, Eastern Samar, Philippines"
"10.959971","125.832671","Calicoan Island, Guiuan, Philippines"
"10.83223","124.995102","MacArthur, Philippines"
"10.970954","124.962513","Julita, Philippines"
"10.901836","124.995636","Mayorga, Philippines"
"11.061111","124.903056","Dagami, Philippines"
"11.188","124.782","Jaro, Philippines"
"11.175574","124.554639","Kananga, Philippines"
"11.164796","124.558759","Kananga, Philippines"
"11.998331","120.206665","Coron, Philippines"
"11.223132","122.054127","Barbaza, Panay, Philippines"
"10.840278","123.499167","Escalante City, Philippines"
"10.628738","122.938132","Tangub, Bacolod City, Philippines"
"11.415556","122.067778","Culasi, Philippines"
"11.149369","125.673277","Samar Island, Philippines"
"11.547222","122.5375","Batan, Philippines"
"11.519654","122.267428","Madalag, Philippines"
"11.438931","122.320479","Libacao, Philippines"
"11.4","122.5","Jamindan, Philippines"
"10.836906","123.499167","Escalante City, Philippines"
"11.201829","123.821589","Hilantagaan Island, Santa Fe, Philippines"
"11.201829","123.821589","Hilantagaan Island, Santa Fe, Philippines"
"11.030804","125.724846","Guiuan, Philippines"
"11.973598","121.916409","Boracay Island, Malay, Philippines"
"11.042419","125.712698","Guiuan, Philippines"
"11.60049","125.441884","Hernani, Philippines"
"11.256603","124.990242","Tacloban City, Philippines"
"10.957148","125.831727","Calicoan Island, Guiuan, Philippines"
"11.117704","125.692503","Salcedo, Mercedes, Eastern Samar, Philippines"
"11.003232","125.631135","Manicani Island, Guiuan, Philippines"
"10.920038","124.711673","Albuera, Philippines"
"10.730108","125.729768","Homonhon Island, Guiuan, Philippines"
"10.916667","124.7","Albuera, Philippines"
"10.243889","123.833333","Talisay City, Philippines"
"11.20959","124.999657","Tacloban City, Philippines"
"11.158383","124.991888","Palo, Philippines"
"11.035248","125.724502","Guiuan, Philippines"
"11.324581","125.621442","Hernani, Philippines"
"11.354571","125.470382","Llorente, Philippines"
"11.333333","125.583333","Hernani, Philippines"
"11.041","124.961","Tabontabon, Philippines"
"11.136898","123.723501","Bantayan Island, Philippines"
"11.29579","123.732475","Madridejos, Philippines"
"10.953","125.035605","Dulag, Philippines"
"10.846648","125.765861","Little Balading Island, Catbalogan City, Philippines"
"11.200681","123.74909","Bantayan Island"
"11.419","123.111","Batad, Panay Island, Philippines"
"11.335846","124.115636","Malapascua Island, Daanbantayan, Philippines"
"11.060222","124.566796","Ormoc City, Philippines"
"11.134625","124.411026","Palompon, Biliran, Villaba (Nabal), Leyte, Philippines"
"11.46101","123.153099","Estancia, Philippines"
"11.739026","120.009619","Culion, Palawan"
"11.835278","119.993333","Culion, Philippines"
"10.940356","125.826904","Sulangan, giuian, Philippines"
"11.599155","121.695334","Manigin Island, Batbatan Island, Culasi, Antique"
"11.470365","121.915875","Batbatan Island, minigin island, Culasi, Antique, Philippines"
"11.200168","123.339573","Baliguian Island, Concepcion, Philippines"
"11.199334","123.341223","Baliguian island, Philippines"
"11.845398","121.371672","Caluya, Philippines"
"11.913936","121.389525","Caluya, Philippines"
"11.434314","123.187414","Bayas Island, Binuluangan Island, Gigante Islands, Sicogon Island, Estancia, Carles, Iloilo"
"11.433641","120.822607","Quinilibuan islands, Agutaya, Palawan"
"11.412637","122.020094","Malalison Island, Culasi, Philippines"
"10.730108","125.729768","Homonhon Island, Guiuan, Philippines"
"10.742446","125.722295","Homonhon Island, Guiuan, Philippines"
"11.007991","124.605248","Ormoc City, Philippines"
"11.30145","124.588997","Managasnas, Capoocan, Philippines"
"11.315551","124.547607","Julita, Philippines"
"11.352194","124.546286","Potot, Leute"
"11.352194","124.546286","Potot, Leute"
"11.284528","124.564139","Limon, Leyte"
"11.323583","124.562793","Guinadiongan, Cabolan, Leyte"
"11.158384","125.006995","Palo, Philippines"
"11.139465","125.301595","Lawaan, Lawa-an, Easter Samar, Philippines"
"11.139447","125.300772","Lawaan, Easter Samar, Philippines"
"11.701375","122.371679","Kalibo, Aklan, Philippines"
"11.266667","122.533333","Tapaz, Philippines"
"11.11113","125.216103","Marabut, Philippines"
"11.255703","123.015114","Sara, Iloilo, Philippines"
"11.931193","121.420917","Caluya Island, Caluya, Philippines"
"11.269539","123.092603","San Dionisio, Iloilo, Philippines"
"11.46101","123.153099","Estancia, Philippines"
"11.197092","123.125156","Brgy Baladian, Concepcion, Iloilo, Philippines"
"11.172053","123.020216","Ajuy, Iloilo"
"11.566195","123.136602","Carles, Iloilo"
"11.572249","122.761694","Roxas City, Capiz"
"11.488823","122.697836","Sigma, Roxas City, Capiz"
"10.953715","123.307921","Cadiz City, Philippines"
"11.493423","122.604049","Sapian, Sapi-an, Philippines"
"11.60893","122.237897","Panay, Philippines"
"11.406519","122.679031","Dao, Philippines"
"11.43327","122.597702","Mambusao, Philippines"
"11.365993","122.745849","Capiz, Philippines"
"11.473683","123.222777","Calagnaan Island, Carles"
"11.463534","123.152584","Estancia, Philippines"
"11.32132","122.669999","Cuartero, Philippines"
"11.420432","122.858346","Pontevedra, Philippines"
"11.281161","125.06848","Basey, Samar, Philippines"
"10.995523","125.636886","Manicani Island, Guiuan, Philippines"
"10.939556","125.825981","Sulangan, Eastern Samar, Philippines"
"10.98818","125.795228","Ngolos, Eastern Samar, Philippines"
"10.959971","125.832671","Calicoan Island, Guiuan, Philippines"
"10.83223","124.995102","MacArthur, Philippines"
"10.970954","124.962513","Julita, Philippines"
"10.901836","124.995636","Mayorga, Philippines"
"11.061111","124.903056","Dagami, Philippines"
"11.188","124.782","Jaro, Philippines"
"11.175574","124.554639","Kananga, Philippines"
"11.164796","124.558759","Kananga, Philippines"
"11.998331","120.206665","Coron, Philippines"
"11.223132","122.054127","Barbaza, Panay, Philippines"
"10.840278","123.499167","Escalante City, Philippines"
"10.628738","122.938132","Tangub, Bacolod City, Philippines"
"11.415556","122.067778","Culasi, Philippines"
"11.149369","125.673277","Samar Island, Philippines"
"11.547222","122.5375","Batan, Philippines"
"11.519654","122.267428","Madalag, Philippines"
"11.438931","122.320479","Libacao, Philippines"
"11.4","122.5","Jamindan, Philippines"
"10.836906","123.499167","Escalante City, Philippines"
"11.201829","123.821589","Hilantagaan Island, Santa Fe, Philippines"
"11.201829","123.821589","Hilantagaan Island, Santa Fe, Philippines"
"11.030804","125.724846","Guiuan, Philippines"
"11.973598","121.916409","Boracay Island, Malay, Philippines"
"11.042419","125.712698","Guiuan, Philippines"
"11.60049","125.441884","Hernani, Philippines"
"11.256603","124.990242","Tacloban City, Philippines"
"10.957148","125.831727","Calicoan Island, Guiuan, Philippines"
"11.117704","125.692503","Salcedo, Mercedes, Eastern Samar, Philippines"
"11.003232","125.631135","Manicani Island, Guiuan, Philippines"
"10.920038","124.711673","Albuera, Philippines"
"10.730108","125.729768","Homonhon Island, Guiuan, Philippines"
"10.916667","124.7","Albuera, Philippines"
"10.243889","123.833333","Talisay City, Philippines"
"11.20959","124.999657","Tacloban City, Philippines"
"11.158383","124.991888","Palo, Philippines"
"11.035248","125.724502","Guiuan, Philippines"
"11.324581","125.621442","Hernani, Philippines"
"11.354571","125.470382","Llorente, Philippines"
"11.333333","125.583333","Hernani, Philippines"
"11.041","124.961","Tabontabon, Philippines"
"11.136898","123.723501","Bantayan Island, Philippines"
"11.29579","123.732475","Madridejos, Philippines"
"10.953","125.035605","Dulag, Philippines"
"10.846648","125.765861","Little Balading Island, Catbalogan City, Philippines"
"11.200681","123.74909","Bantayan Island"
"11.419","123.111","Batad, Panay Island, Philippines"
"11.335846","124.115636","Malapascua Island, Daanbantayan, Philippines"
"11.060222","124.566796","Ormoc City, Philippines"
"11.134625","124.411026","Palompon, Biliran, Villaba (Nabal), Leyte, Philippines"
"11.46101","123.153099","Estancia, Philippines"
"11.739026","120.009619","Culion, Palawan"
"11.835278","119.993333","Culion, Philippines"
"10.940356","125.826904","Sulangan, giuian, Philippines"
"11.599155","121.695334","Manigin Island, Batbatan Island, Culasi, Antique"
"11.470365","121.915875","Batbatan Island, minigin island, Culasi, Antique, Philippines"
"11.200168","123.339573","Baliguian Island, Concepcion, Philippines"
"11.199334","123.341223","Baliguian island, Philippines"
"11.845398","121.371672","Caluya, Philippines"
"11.913936","121.389525","Caluya, Philippines"
"11.434314","123.187414","Bayas Island, Binuluangan Island, Gigante Islands, Sicogon Island, Estancia, Carles, Iloilo"
"11.433641","120.822607","Quinilibuan islands, Agutaya, Palawan"
"11.412637","122.020094","Malalison Island, Culasi, Philippines"
"10.730108","125.729768","Homonhon Island, Guiuan, Philippines"
"10.742446","125.722295","Homonhon Island, Guiuan, Philippines"
"11.007991","124.605248","Ormoc City, Philippines"
"11.30145","124.588997","Managasnas, Capoocan, Philippines"
"11.315551","124.547607","Julita, Philippines"
"11.352194","124.546286","Potot, Leute"
"11.352194","124.546286","Potot, Leute"
"11.284528","124.564139","Limon, Leyte"
"11.323583","124.562793","Guinadiongan, Cabolan, Leyte"
"11.158384","125.006995","Palo, Philippines"
"11.139465","125.301595","Lawaan, Lawa-an, Easter Samar, Philippines"
"11.139447","125.300772","Lawaan, Easter Samar, Philippines"
"11.701375","122.371679","Kalibo, Aklan, Philippines"
"11.266667","122.533333","Tapaz, Philippines"
"11.11113","125.216103","Marabut, Philippines"
"11.255703","123.015114","Sara, Iloilo, Philippines"
"11.931193","121.420917","Caluya Island, Caluya, Philippines"
"11.269539","123.092603","San Dionisio, Iloilo, Philippines"
"11.46101","123.153099","Estancia, Philippines"
"11.197092","123.125156","Brgy Baladian, Concepcion, Iloilo, Philippines"
"11.172053","123.020216","Ajuy, Iloilo"
"11.566195","123.136602","Carles, Iloilo"
"11.572249","122.761694","Roxas City, Capiz"
"11.488823","122.697836","Sigma, Roxas City, Capiz"
"10.953715","123.307921","Cadiz City, Philippines"
"11.493423","122.604049","Sapian, Sapi-an, Philippines"
"11.60893","122.237897","Panay, Philippines"
"11.406519","122.679031","Dao, Philippines"
"11.43327","122.597702","Mambusao, Philippines"
"11.365993","122.745849","Capiz, Philippines"
"11.473683","123.222777","Calagnaan Island, Carles"
"11.463534","123.152584","Estancia, Philippines"
"11.32132","122.669999","Cuartero, Philippines"
"11.420432","122.858346","Pontevedra, Philippines"
"11.281161","125.06848","Basey, Samar, Philippines"
"10.995523","125.636886","Manicani Island, Guiuan, Philippines"
"10.939556","125.825981","Sulangan, Eastern Samar, Philippines"
"10.98818","125.795228","Ngolos, Eastern Samar, Philippines"
"10.959971","125.832671","Calicoan Island, Guiuan, Philippines"
"10.83223","124.995102","MacArthur, Philippines"
"10.970954","124.962513","Julita, Philippines"
"10.901836","124.995636","Mayorga, Philippines"
"11.061111","124.903056","Dagami, Philippines"
"11.188","124.782","Jaro, Philippines"
"11.175574","124.554639","Kananga, Philippines"
"11.164796","124.558759","Kananga, Philippines"
"11.998331","120.206665","Coron, Philippines"
"11.223132","122.054127","Barbaza, Panay, Philippines"
"10.840278","123.499167","Escalante City, Philippines"
"10.628738","122.938132","Tangub, Bacolod City, Philippines"
"11.415556","122.067778","Culasi, Philippines"
"11.149369","125.673277","Samar Island, Philippines"
"11.547222","122.5375","Batan, Philippines"
"11.519654","122.267428","Madalag, Philippines"
"11.438931","122.320479","Libacao, Philippines"
"11.4","122.5","Jamindan, Philippines"
"10.836906","123.499167","Escalante City, Philippines"
"11.201829","123.821589","Hilantagaan Island, Santa Fe, Philippines"
"11.201829","123.821589","Hilantagaan Island, Santa Fe, Philippines"
"11.030804","125.724846","Guiuan, Philippines"
"11.973598","121.916409","Boracay Island, Malay, Philippines"
"11.042419","125.712698","Guiuan, Philippines"
"11.60049","125.441884","Hernani, Philippines"
"11.256603","124.990242","Tacloban City, Philippines"
"10.957148","125.831727","Calicoan Island, Guiuan, Philippines"
"11.117704","125.692503","Salcedo, Mercedes, Eastern Samar, Philippines"
"11.003232","125.631135","Manicani Island, Guiuan, Philippines"
"10.920038","124.711673","Albuera, Philippines"
"10.730108","125.729768","Homonhon Island, Guiuan, Philippines"
"10.916667","124.7","Albuera, Philippines"
"10.243889","123.833333","Talisay City, Philippines"
"11.20959","124.999657","Tacloban City, Philippines"
"14.612378","121.039124","Valenzuela city"
"14.623509","121.090463","Calumpang, marikina"
"14.608688","121.022043","Manila"
"16","121","Unknown"
"14.717879","121.030644","Unknown"
"14.615478","121.074829","Philippines"
"16.402333","120.596007","Baguio"
"7.048807","125.563216","Davao City"
"14.560386","121.026442","H.V. Dela Costa cor. Valero Sts. Salcedo Village, Makati City"
"14.664806","120.954151","Malabon"
"14.609394","121.107531","Karangalan Village"
"14.637133","121.118839","Concepcion II, Marikina"
"14.622403","121.089882","Kagitingan Street, Calumpang, Marikina City"
"14.625088","121.091516","Calumpang, Marikina City"
"14.624536","121.09312","Calumpang, Marikina"
"14.630435","121.084168","Riverbanks, Barangka, Marikina"
"14.615478","121.074829","unknown"
"14.448644","120.94471","Habay I, Bacoor"
"14.626278","121.091704","Marikina"
"14.570614","121.019619","Constancia St Market, Brgy Olympia, Makati"
"11.25","125","Tacloban"
"18.562947","121.640625","Philippines"
"6.051113","121.004105","Jolo, Sulu"
"12.769","124.0569","Unknown"
"12.973889","123.993333","Unknown"
"9.373193","118.484802","Palawan"
"13.666667","123.333333","Unknown"
"11.738302","125.024414","Visayas"
"10.333333","125.083333","Unknown"
"16.979167","120.520833","Ilocos"
"6.915521","122.074585","Zamboanga City"
"8.9312","125.535278","Butuan City"
"9","125.741667","Unknown"
"13.288065","123.804932","Albay, Philippines"
"17.36689","121.78825","Fermeldy, Tumauini, Isabela"
"17.12097","121.90405","San Felipe, Ilagan Isabela"
"17.354722","121.78403","Fermeldy, Tumauini Isabela"
"17.36139","121.78608","Pilig Abajo, Cabagan, Isabela"
"16.075795","121.769672","Dinadiawan, Dipaculao, Aurora"
"16.933333","121.777954","Isabela"
"17.430744","121.766109","Cabagan, Isabela"
"17.610647","121.691437","Cagayan"
"15.673949","121.427078","Brgy. Maria Aurora,  Aurora"
"17.350638","121.176453","Lubuangan"
"17.501319","121.306915","Balabalan"
"18.253154","121.036034","Calanasan"
"17.88858","121.231384","Conner Cabugao, Apayao"
"16.125315","121.880951","Aurora"
"17.847285","121.345196","Rizal, Cagayan"
"17.754245","121.487203","Tuao"
"17.61227","121.730511","Tuguegarao City"
"16.69822","121.605974","Divisoria, Santiago City"
"17.486461","121.769586","Calamagui 2nd, Ilagan, Isabela"
"16.596","122.312","Dinapique, Isabela"
"17.071","122.441","Palanan, Isabela"
"17.334","122.306","Divilacan, Isabela"
"17.394","122.237","Maconacon, Isabela"
"16.983","122.013","San Mariano, Isabela"
"17.734462","121.455789","Tuao, Cagayan"
"16.305641","120.61203","Baguio"
"17.608602","121.735039","Buntun River, Tuguegarao, Cagayan"
"14.657999","120.980433","Araneta Avenue, Manila, Philippines"
"14.706543","121.067214","Commonwealth Avenue, Quezon City, Philippines"
"14.676041","121.0437","Quezon City, Philippines"
"14.555351","121.034434","Buendia, Makati City, Philippines"
"14.67149","120.939847","Navotas, Philippines"
"14.591135","120.978137","Mapua Institute of Technology, Muralla, Manila, Philippines"
"14.562598","120.995053","Taft Ave, Philippines"
"14.526816","121.025984","Sitio 2 Western Bicutan, Makati City, Philippines"
"14.591135","120.978137","Mapua Institute of Technology, Muralla, Manila, Philippines"
"14.576377","121.08511","Pasig City, Philippines"
"14.651853","121.049337","Palace Apartel, Kapilya St."
"14.611022","120.986299","Santander, Manila, Philippines"
"14.553846","121.002354","Morse, Manila, Philippines"
"14.651853","121.049337","LAS PIÑAS"
"14.651853","121.049337","edsa station"
"14.567634","120.992517","Quirino near LRT"
"14.615644","120.993547","Laon Laan Manila"
"14.624369","121.005619","Sen. Mariano J. Cuenco, Quezon City, Philippines"
"14.501183","120.991217","La Huerta, Parañaque City, Philippines"
"14.481073","120.981595","St Joseph's Academy, Las Piñas City, Philippines"
"14.62412","120.987409","Isagani, Manila, Philippines"
"14.493719","120.984764","San Dionisio, Parañaque City, Philippines"
"14.651853","121.049337","Manila City Hall"
"14.572685","120.986491","Pedro Gil, Manila, Philippines"
"14.651853","121.049337","Quezon City"
"14.604358","120.995967","Brgy. 433, Manila, Philippines"
"14.651853","121.049337","Tayuman Rd."
"14.651853","121.049337","Bgry. 418 Sampaloc Manila"
"14.653399","121.024909","Project 7, Quezon City, Philippines"
"14.651853","121.049337","San Rafael 3 Noveleta, Cavite City"
"14.606298","120.98678","P.Paredes, Manila, Philippines"
"14.630203","121.002886","Banawe Ave, Quezon City, Philippines"
"14.651853","121.049337","Manila, Philippines"
"14.622481","121.026447","Eulogio Rodriguez Sr. Ave, Quezon City, Philippines"
"14.592185","120.974726","Intramuros, Manila, Philippines"
"14.579411","120.99587","Merced, Manila, Philippines"
"14.571651","121.002329","Brgy. 806, Manila, Philippines"
"14.507973","121.021665","Ninoy Aquino International Airport (MNL), Pasay City, Philippines"
"14.574758","120.989105","Taft Ave, Manila, Philippines"
"14.574152","120.990355","Julio Nakpil, Manila, Philippines"
"14.592617","120.989703","N. Padilla, Manila, Philippines"
"14.610864","120.991772","Arsenio H. Lacson Ave, Manila, Philippines"
"14.60832","120.987883","P. Noval, Manila, Philippines"
"14.567198","121.092266","San Miguel, Pasig City, Philippines"
"14.611432","121.01896","Kapiligan, Manila, Philippines"
"14.608743","120.99749","Brgy. 447, Manila, Philippines"
"14.602205","120.967179","Claro M. Recto Ave, Manila, Philippines"
"14.655522","121.093568","Swallowtail St, Marikina City, Philippines"
"14.609913","120.989352","University of Santo Tomas, España Blvd, Manila 1008, Philippines"
"14.619356","120.98233","Anacleto, Manila, Philippines"
"14.609913","120.989352","University of Santo Tomas, España Blvd, Manila 1008, Philippines"
"14.7099","121.072665","Sitio Ruby St, Quezon City, Philippines"
"14.621872","120.981488","Laguna, Manila, Philippines"
"14.611368","120.988009","Dapitan, Manila, Philippines"
"14.606796","120.987317","P. Campa, Manila, Philippines"
"14.642479","121.009115","Mabitoan, Quezon City, Philippines"
"14.603122","120.991784","San Anton, Manila, Philippines"
"14.605112","120.987331","Lerma St, Manila, Philippines"
"14.600859","120.989657","San Sebastian College - Recoletos de Manila, R Hidalgo, Manila, Philippines"
"14.609913","120.989352","University of Santo Tomas, España Blvd, Manila 1008, Philippines"
"14.615878","120.978836","Yakal, Manila, Philippines"
"14.631391","120.998854","N.S. Amoranto Sr. Ave, Quezon City, Philippines"
"14.556634","120.989465","Tangkian, Pasay City, Philippines"
"14.418802","121.045774","Alabang, T. Molina, Muntinlupa City 1781, Philippines"
"14.58556","121.010713","J Posadas St. Philippines"
"14.586225","121.009254","Road No 5, Manila, Philippines"
"14.632213","121.04835","Mapagmahal street"
"14.586225","121.009254","Road No 5, Manila, Philippines"
"14.616647","120.987828","Aragon St, Manila, Philippines"
"14.58054","120.994592","Leroy, Manila, Philippines"
"14.551767","120.997056","Gil puyat"
"14.578999","121.002627","Pedro Gil, Manila, Philippines"
"14.596012","120.996841","St. Jude Catholic school"
"14.607703","120.978195","Guillermo Masangkay, Manila, Philippines"
"14.598505","120.979302","Burke, Manila, Philippines"
"14.564395","120.994277","Taft avenue"
"14.600487","120.996494","Arellano University, 2600 Ramon Magsaysay Blvd, Manila, Philippines"
"14.60785","120.995234","Felina, Manila, Philippines"
"14.613982","120.990872","Don Quijote, Manila, Philippines"
"14.590987","120.978795","Intramuros"
"14.60954","120.986295","E. Remigio St. , Manila City"
"14.542338","121.00153","Barangay 97"
"14.600859","120.989657","San Sebastian College - Recoletos de Manila, R Hidalgo, Manila, Philippines"
"14.651853","121.049337","Pasig River, Delpan Bridge, Binondo"
"14.4806","120.997195","Nino Aquino avenue"
"14.588433","120.989903","Estero de Tanque, Manila, Philippines"
"14.651853","121.049337","Avida tower Sucat"
"14.651853","121.049337","United Nations Road, Manila"
"14.581133","120.995178","San gregorio street"
"14.585454","120.993854","Paco, Manila, Philippines"
"14.651853","121.049337","Paranaque River Brgy 191, MIA Road, Pasay City"
"14.596209","120.989943","Finance Rd, Metro Manila"
"14.593426","120.981488","Lawton, Metro Manila"
"14.651853","121.049337","Zapote River, Real St., Zapote, Las Pinas City"
"14.587986","120.969429","15th St. Atlanta, Chicago Port Area, Metro Manila"
"14.589855","120.981402","Manila City Hall"
"14.651853","121.049337","Zapote, Las Pinas"
"14.651853","121.049337","Barangay Daniel Fajardo,Las Pinas City"
"14.618992","120.998119","Blumentritt, Manila, Philippines"
"14.651853","121.049337","V. Mapa, Metro Manila"
"14.651853","121.049337","Abad Santos, Recto, Reina Reigente, Metro Manila"
"14.651853","121.049337","E. Munoz - Pami"
"14.651853","121.049337","Quezon Ave. Sto. Domingo"
"14.651853","121.049337","Quezon Ave. Barangay Tatalon Kaliraya"
"14.651853","121.049337","Quezon Ave. Delta"
"14.651853","121.049337","Q.Ave Araneta"
"14.651853","121.049337","Quezon Ave. Edsa"
"14.651853","121.049337","San Marcelino Taft Ayala, Manila"
"14.651853","121.049337","Corners of Taft Avenue, Padre Burgos and Villegas Street"
"14.651853","121.049337","C5 Libis bypass Road"
"14.651853","121.049337","Palace Apartel, Kapilya St."
"14.611022","120.986299","Santander, Manila, Philippines"
"14.553846","121.002354","Morse, Manila, Philippines"
"14.651853","121.049337","LAS PIÑAS"
"14.651853","121.049337","edsa station"
"14.567634","120.992517","Quirino near LRT"
"14.615644","120.993547","Laon Laan Manila"
"14.624369","121.005619","Sen. Mariano J. Cuenco, Quezon City, Philippines"
"14.501183","120.991217","La Huerta, Parañaque City, Philippines"
"14.481073","120.981595","St Joseph's Academy, Las Piñas City, Philippines"
"14.62412","120.987409","Isagani, Manila, Philippines"
"14.493719","120.984764","San Dionisio, Parañaque City, Philippines"
"14.651853","121.049337","Manila City Hall"
"14.572685","120.986491","Pedro Gil, Manila, Philippines"
"14.651853","121.049337","Quezon City"
"14.604358","120.995967","Brgy. 433, Manila, Philippines"
"14.651853","121.049337","Tayuman Rd."
"14.651853","121.049337","Bgry. 418 Sampaloc Manila"
"14.653399","121.024909","Project 7, Quezon City, Philippines"
"14.651853","121.049337","San Rafael 3 Noveleta, Cavite City"
"14.606298","120.98678","P.Paredes, Manila, Philippines"
"14.630203","121.002886","Banawe Ave, Quezon City, Philippines"
"14.651853","121.049337","Manila, Philippines"
"14.622481","121.026447","Eulogio Rodriguez Sr. Ave, Quezon City, Philippines"
"14.592185","120.974726","Intramuros, Manila, Philippines"
"14.579411","120.99587","Merced, Manila, Philippines"
"14.571651","121.002329","Brgy. 806, Manila, Philippines"
"14.507973","121.021665","Ninoy Aquino International Airport (MNL), Pasay City, Philippines"
"14.574758","120.989105","Taft Ave, Manila, Philippines"
"14.567198","121.092266","San Miguel, Pasig City, Philippines"
"14.593808","120.981288","Dr R. Basa, Manila, Philippines"
"14.589759","120.980717","Padre Burgos St, Manila, Philippines"
"14.589759","120.980717","Padre Burgos St, Manila, Philippines"
"7.571562","126.118729","Bridge, New Bataan, Philippines"
"7.571562","126.118729","Bridge, New Bataan, Philippines"
"7.571562","126.118729","Bridge, New Bataan, Philippines"
"7.512346","126.025482","Mainit Bridge, Nabunturan, Philippines"
"7.571562","126.118729","Bridge, New Bataan, Philippines"
"7.512346","126.025482","Mainit Bridge, Nabunturan, Philippines"
"7.571562","126.118729","Bridge, New Bataan, Philippines"
"7.571562","126.118729","Bridge, New Bataan, Philippines"
"7.666841","126.091307","Legaspi Street, Compostela, Philippines"
"7.666841","126.091307","Legaspi Street, Compostela, Philippines"
"7.512346","126.025482","Mainit Bridge, Nabunturan, Philippines"
"7.571562","126.118729","Bridge, New Bataan, Philippines"
"7.739433","125.998008","Pan-Philippine Highway, Montevista, Philippines"
"7.848773","126.06842","Pan-Philippine Highway, Monkayo, Philippines"
"7.839487","126.063329","Pan-Philippine Highway, Monkayo, Philippines"
"7.839487","126.063329","Pan-Philippine Highway, Monkayo, Philippines"
"7.88633","126.078399","Pan-Philippine Highway, Monkayo, Philippines"
"7.824844","126.0149","Monkayo - Laak - Asuncion Road, Monkayo, Philippines"
"7.831438","126.050448","Bridge, Monkayo, Philippines"
"7.824844","126.0149","Monkayo - Laak - Asuncion Road, Monkayo, Philippines"
"7.771448","125.742029","Laak Road 1, Laak, Philippines"
"7.814642","125.993861","Monkayo - Laak - Asuncion Road, Monkayo, Philippines"
"7.972009","125.764308","Laak - Veruela - Trento Road, Laak, Philippines"
"7.972009","125.764308","Laak - Veruela - Trento Road, Laak, Philippines"
"7.667024","126.090939","Legaspi Street, Compostela, Philippines"
"7.667024","126.090939","Legaspi Street, Compostela, Philippines"
"7.667047","126.091071","Legaspi Street, Compostela, Compostela Valley"
"7.085631","125.508043","Davao City 8022, Philippines"
"7.816755","125.282776","Boston, Davao Oriental"
"7.816755","125.282776","Monkayo Poblacion"
"6.424176","125.478193","Jose Abad Santos Davao del Sur, Philippines"
"7.816755","125.282776","Corner dakong bato at the back of that big stone"
"7.190708","125.455341","Davao City, Philippines"
"7.160841","126.160127","Banaybanay, Philippines"
"7.583333","125.833333","New Corella, Philippines"
"7.583333","125.766667","Asuncion, Philippines"
"7.042777","126.449221","Tarragona, Philippines"
"7.489014","125.258796","Marilog District, Davao City, Philippines"
"6.424176","125.478193","Davao del Sur, Philippines"
"7.583333","125.766667","Asuncion, Philippines"
"7.360556","125.706389","Carmen, Philippines"
"7.513349","125.58767","Santo Tomas, Philippines"
"7.255222","126.156203","Pantukan, Philippines"
"7.117739","125.640716","Sta. Cruz St, Davao City, Philippines"
"7.017805","124.49744","Datu Piang, Maguindanao"
"6.533564","122.083744","Basilan"
"7.839555","124.24216","Lanao del Sur"
